"ERR3046386","IfmP02"
"ERR3046387","IfmP03"
"ERR3046394","IfmP10"
"ERR3046397","IfmP13"
"ERR3046400","IfmP16"
"ERR3046403","IfmP19"
"ERR3046404","IfmP20"
"ERR3046385","IfmP01"
"ERR3046391","IfmP07"
"ERR3046396","IfmP12"
"ERR3046398","IfmP14"
"ERR3046407","IfmP23"
"ERR3046408","IfmP24"
"ERR3046415","IfmP31"
"ERR3046420","IfmP36"
"ERR3046449","IfmP01"
"ERR3046459","IfmP11"
"ERR3046460","IfmP12"
"ERR3046461","IfmP13"
"ERR3046462","IfmP14"
"ERR3046463","IfmP15"
"ERR3046467","IfmP19"
"ERR3046468","IfmP20"
"ERR3046473","IfmP25"
"ERR3046482","IfmP34"
"ERR3046483","IfmP35"
"ERR3046519","IfmP07"
"ERR3046536","IfmP24"
"ERR3046537","IfmP25"
"ERR3046543","IfmP31"
"ERR3046548","IfmP36"
"ERR3046550","IfmP38"
"ERR3046414","IfmP30"
"ERR3046417","IfmP33"
"ERR3046418","IfmP34"
"ERR3046577","IfmP01"
"ERR3046579","IfmP03"
"ERR3046587","IfmP11"
"ERR3046451","IfmP03"
"ERR3046588","IfmP12"
"ERR3046589","IfmP13"
"ERR3046458","IfmP10"
"ERR3046592","IfmP16"
"ERR3046464","IfmP16"
"ERR3046595","IfmP19"
"ERR3046598","IfmP22"
"ERR3046470","IfmP22"
"ERR3046600","IfmP24"
"ERR3046471","IfmP23"
"ERR3046601","IfmP25"
"ERR3046479","IfmP31"
"ERR3046481","IfmP33"
"ERR3046610","IfmP34"
"ERR3046484","IfmP36"
"ERR3046614","IfmP38"
"ERR3046515","IfmP03"
"ERR3046522","IfmP10"
"ERR3046523","IfmP11"
"ERR3046524","IfmP12"
"ERR3046527","IfmP15"
"ERR3046528","IfmP16"
"ERR3046531","IfmP19"
"ERR3046542","IfmP30"
"ERR3046545","IfmP33"
"ERR3046578","IfmP02"
"ERR3046583","IfmP07"
"ERR3046607","IfmP31"
"ERR3046609","IfmP33"
"ERR3046612","IfmP36"
"ERR3046395","IfmP11"
"ERR3046399","IfmP15"
"ERR3046406","IfmP22"
"ERR3046409","IfmP25"
"ERR3046419","IfmP35"
"ERR3046422","IfmP38"
"ERR3046450","IfmP02"
"ERR3046455","IfmP07"
"ERR3046472","IfmP24"
"ERR3046478","IfmP30"
"ERR3046486","IfmP38"
"ERR3046513","IfmP01"
"ERR3046514","IfmP02"
"ERR3046525","IfmP13"
"ERR3046526","IfmP14"
"ERR3046532","IfmP20"
"ERR3046534","IfmP22"
"ERR3046535","IfmP23"
"ERR3046546","IfmP34"
"ERR3046547","IfmP35"
"ERR3046586","IfmP10"
"ERR3046590","IfmP14"
"ERR3046591","IfmP15"
"ERR3046596","IfmP20"
"ERR3046599","IfmP23"
"ERR3046606","IfmP30"
"ERR3046611","IfmP35"
